Name	Length	Identity	Relative length
551	10000	94.78817433709234	102.7620247847091
562	10000	95.93661113368549	102.44590780809031
568	10000	95.3233021553477	102.8121720881427
569	10000	77.9433945523911	94.50902561194594
